{
  "annotations": {
    "list": [
      {
        "builtIn": 1,
        "datasource": "-- Grafana --",
        "enable": true,
        "hide": true,
        "iconColor": "rgba(0, 211, 255, 1)",
        "name": "Annotations & Alerts",
        "type": "dashboard"
      }
    ]
  },
  "editable": true,
  "gnetId": null,
  "graphTooltip": 0,
  "id": 2,
  "links": [],
  "panels": [
    {
      "collapsed": false,
      "datasource": null,
      "gridPos": {
        "h": 1,
        "w": 24,
        "x": 0,
        "y": 0
      },
      "id": 17,
      "panels": [],
      "repeat": null,
      "title": "CPU information",
      "type": "row"
    },
    {
      "cacheTimeout": null,
      "colorBackground": false,
      "colorValue": false,
      "colors": [
        "rgba(245, 54, 54, 0.9)",
        "rgba(237, 129, 40, 0.89)",
        "rgba(50, 172, 45, 0.97)"
      ],
      "datasource": "InfluxDB",
      "decimals": null,
      "fieldConfig": {
        "defaults": {
          "custom": {}
        },
        "overrides": []
      },
      "format": "percent",
      "gauge": {
        "maxValue": 100,
        "minValue": 0,
        "show": true,
        "thresholdLabels": false,
        "thresholdMarkers": true
      },
      "gridPos": {
        "h": 7,
        "w": 12,
        "x": 0,
        "y": 1
      },
      "id": 4,
      "interval": null,
      "links": [],
      "mappingType": 1,
      "mappingTypes": [
        {
          "name": "value to text",
          "value": 1
        },
        {
          "name": "range to text",
          "value": 2
        }
      ],
      "maxDataPoints": 100,
      "nullPointMode": "connected",
      "nullText": null,
      "postfix": "",
      "postfixFontSize": "50%",
      "prefix": "",
      "prefixFontSize": "50%",
      "rangeMaps": [
        {
          "from": "null",
          "text": "N/A",
          "to": "null"
        }
      ],
      "sparkline": {
        "fillColor": "rgba(31, 118, 189, 0.18)",
        "full": false,
        "lineColor": "rgb(31, 120, 193)",
        "show": false
      },
      "tableColumn": "",
      "targets": [
        {
          "alias": "CPU 1 min load",
          "dsType": "influxdb",
          "groupBy": [],
          "measurement": "cpu-router",
          "orderByTime": "ASC",
          "policy": "default",
          "refId": "A",
          "resultFormat": "time_series",
          "select": [
            [
              {
                "params": [
                  "cpmCPUTotal1minRev"
                ],
                "type": "field"
              }
            ]
          ],
          "tags": [
            {
              "key": "agent_host",
              "operator": "=",
              "value": "194.74.65.228"
            },
            {
              "condition": "AND",
              "key": "PhysicalIndex",
              "operator": "=",
              "value": "110605"
            }
          ]
        }
      ],
      "thresholds": "",
      "title": "CPU 1 min load",
      "type": "singlestat",
      "valueFontSize": "100%",
      "valueMaps": [
        {
          "op": "=",
          "text": "N/A",
          "value": "null"
        }
      ],
      "valueName": "current"
    },
    {
      "aliasColors": {},
      "bars": false,
      "dashLength": 10,
      "dashes": false,
      "datasource": "InfluxDB",
      "fieldConfig": {
        "defaults": {
          "custom": {}
        },
        "overrides": []
      },
      "fill": 1,
      "fillGradient": 0,
      "gridPos": {
        "h": 7,
        "w": 12,
        "x": 12,
        "y": 1
      },
      "hiddenSeries": false,
      "id": 11,
      "legend": {
        "alignAsTable": true,
        "avg": false,
        "current": true,
        "max": true,
        "min": false,
        "rightSide": true,
        "show": true,
        "total": false,
        "values": true
      },
      "lines": true,
      "linewidth": 2,
      "links": [],
      "nullPointMode": "null",
      "options": {
        "alertThreshold": true
      },
      "percentage": false,
      "pluginVersion": "7.3.6",
      "pointradius": 5,
      "points": false,
      "renderer": "flot",
      "seriesOverrides": [],
      "spaceLength": 10,
      "stack": false,
      "steppedLine": false,
      "targets": [
        {
          "alias": "CPU 1 min",
          "dsType": "influxdb",
          "groupBy": [],
          "measurement": "cpu-router",
          "orderByTime": "ASC",
          "policy": "default",
          "refId": "A",
          "resultFormat": "time_series",
          "select": [
            [
              {
                "params": [
                  "cpmCPUTotal1minRev"
                ],
                "type": "field"
              }
            ]
          ],
          "tags": [
            {
              "key": "agent_host",
              "operator": "=",
              "value": "194.74.65.228"
            },
            {
              "condition": "AND",
              "key": "PhysicalIndex",
              "operator": "=",
              "value": "110605"
            }
          ]
        },
        {
          "alias": "CPU 5 min",
          "dsType": "influxdb",
          "groupBy": [],
          "measurement": "cpu-router",
          "orderByTime": "ASC",
          "policy": "default",
          "refId": "B",
          "resultFormat": "time_series",
          "select": [
            [
              {
                "params": [
                  "cpmCPUTotal5minRev"
                ],
                "type": "field"
              }
            ]
          ],
          "tags": [
            {
              "key": "agent_host",
              "operator": "=",
              "value": "194.74.65.228"
            },
            {
              "condition": "AND",
              "key": "PhysicalIndex",
              "operator": "=",
              "value": "110605"
            }
          ]
        }
      ],
      "thresholds": [],
      "timeFrom": null,
      "timeRegions": [],
      "timeShift": null,
      "title": "CPU load historical overview",
      "tooltip": {
        "shared": true,
        "sort": 0,
        "value_type": "individual"
      },
      "type": "graph",
      "xaxis": {
        "buckets": null,
        "mode": "time",
        "name": null,
        "show": true,
        "values": []
      },
      "yaxes": [
        {
          "format": "percent",
          "label": null,
          "logBase": 1,
          "max": null,
          "min": null,
          "show": true
        },
        {
          "format": "short",
          "label": null,
          "logBase": 1,
          "max": null,
          "min": null,
          "show": true
        }
      ],
      "yaxis": {
        "align": false,
        "alignLevel": null
      }
    },
    {
      "collapsed": false,
      "datasource": null,
      "gridPos": {
        "h": 1,
        "w": 24,
        "x": 0,
        "y": 8
      },
      "id": 18,
      "panels": [],
      "repeat": null,
      "title": "Memory information",
      "type": "row"
    },
    {
      "aliasColors": {},
      "bars": false,
      "dashLength": 10,
      "dashes": false,
      "datasource": "InfluxDB",
      "fieldConfig": {
        "defaults": {
          "custom": {}
        },
        "overrides": []
      },
      "fill": 1,
      "fillGradient": 0,
      "gridPos": {
        "h": 9,
        "w": 12,
        "x": 0,
        "y": 9
      },
      "hiddenSeries": false,
      "id": 6,
      "legend": {
        "alignAsTable": true,
        "avg": false,
        "current": true,
        "max": true,
        "min": false,
        "rightSide": false,
        "show": true,
        "total": false,
        "values": true
      },
      "lines": true,
      "linewidth": 2,
      "links": [],
      "nullPointMode": "null",
      "options": {
        "alertThreshold": true
      },
      "percentage": false,
      "pluginVersion": "7.3.6",
      "pointradius": 5,
      "points": false,
      "renderer": "flot",
      "seriesOverrides": [],
      "spaceLength": 10,
      "stack": false,
      "steppedLine": false,
      "targets": [
        {
          "alias": "Used Mem",
          "dsType": "influxdb",
          "groupBy": [
            {
              "params": [
                "index"
              ],
              "type": "tag"
            }
          ],
          "measurement": "memory",
          "orderByTime": "ASC",
          "policy": "default",
          "refId": "A",
          "resultFormat": "time_series",
          "select": [
            [
              {
                "params": [
                  "cempMemPoolHCUsed"
                ],
                "type": "field"
              }
            ]
          ],
          "tags": [
            {
              "key": "agent_host",
              "operator": "=",
              "value": "194.74.65.228"
            },
            {
              "condition": "AND",
              "key": "PoolName",
              "operator": "=",
              "value": "processor"
            },
            {
              "condition": "AND",
              "key": "index",
              "operator": "=",
              "value": "110605.1"
            }
          ]
        }
      ],
      "thresholds": [],
      "timeFrom": null,
      "timeRegions": [],
      "timeShift": null,
      "title": "Memory information (Used)",
      "tooltip": {
        "shared": true,
        "sort": 0,
        "value_type": "individual"
      },
      "type": "graph",
      "xaxis": {
        "buckets": null,
        "mode": "time",
        "name": null,
        "show": true,
        "values": []
      },
      "yaxes": [
        {
          "format": "decbytes",
          "label": null,
          "logBase": 1,
          "max": null,
          "min": null,
          "show": true
        },
        {
          "format": "short",
          "label": null,
          "logBase": 1,
          "max": null,
          "min": null,
          "show": true
        }
      ],
      "yaxis": {
        "align": false,
        "alignLevel": null
      }
    },
    {
      "aliasColors": {},
      "bars": false,
      "dashLength": 10,
      "dashes": false,
      "datasource": "InfluxDB",
      "fieldConfig": {
        "defaults": {
          "custom": {}
        },
        "overrides": []
      },
      "fill": 1,
      "fillGradient": 0,
      "gridPos": {
        "h": 9,
        "w": 12,
        "x": 12,
        "y": 9
      },
      "hiddenSeries": false,
      "id": 12,
      "legend": {
        "alignAsTable": true,
        "avg": false,
        "current": true,
        "max": true,
        "min": false,
        "rightSide": false,
        "show": true,
        "total": false,
        "values": true
      },
      "lines": true,
      "linewidth": 2,
      "links": [],
      "nullPointMode": "null",
      "options": {
        "alertThreshold": true
      },
      "percentage": false,
      "pluginVersion": "7.3.6",
      "pointradius": 5,
      "points": false,
      "renderer": "flot",
      "seriesOverrides": [
        {
          "alias": "Free Mem",
          "color": "#EF843C"
        }
      ],
      "spaceLength": 10,
      "stack": false,
      "steppedLine": false,
      "targets": [
        {
          "alias": "Free Mem",
          "dsType": "influxdb",
          "groupBy": [
            {
              "params": [
                "index"
              ],
              "type": "tag"
            }
          ],
          "measurement": "memory",
          "orderByTime": "ASC",
          "policy": "default",
          "refId": "B",
          "resultFormat": "time_series",
          "select": [
            [
              {
                "params": [
                  "cempMemPoolHCFree"
                ],
                "type": "field"
              }
            ]
          ],
          "tags": [
            {
              "key": "agent_host",
              "operator": "=",
              "value": "194.74.65.228"
            },
            {
              "condition": "AND",
              "key": "PoolName",
              "operator": "=",
              "value": "processor"
            },
            {
              "condition": "AND",
              "key": "index",
              "operator": "=",
              "value": "110605.1"
            }
          ]
        }
      ],
      "thresholds": [],
      "timeFrom": null,
      "timeRegions": [],
      "timeShift": null,
      "title": "Memory information (free)",
      "tooltip": {
        "shared": true,
        "sort": 0,
        "value_type": "individual"
      },
      "type": "graph",
      "xaxis": {
        "buckets": null,
        "mode": "time",
        "name": null,
        "show": true,
        "values": []
      },
      "yaxes": [
        {
          "format": "decbytes",
          "label": "",
          "logBase": 1,
          "max": null,
          "min": null,
          "show": true
        },
        {
          "format": "short",
          "label": null,
          "logBase": 1,
          "max": null,
          "min": null,
          "show": true
        }
      ],
      "yaxis": {
        "align": false,
        "alignLevel": null
      }
    },
    {
      "collapsed": false,
      "datasource": null,
      "gridPos": {
        "h": 1,
        "w": 24,
        "x": 0,
        "y": 18
      },
      "id": 19,
      "panels": [],
      "repeat": null,
      "title": "Interfaces rate information",
      "type": "row"
    },
    {
      "aliasColors": {},
      "bars": false,
      "dashLength": 10,
      "dashes": false,
      "datasource": "InfluxDB",
      "fieldConfig": {
        "defaults": {
          "custom": {}
        },
        "overrides": []
      },
      "fill": 1,
      "fillGradient": 0,
      "gridPos": {
        "h": 12,
        "w": 24,
        "x": 0,
        "y": 19
      },
      "hiddenSeries": false,
      "id": 1,
      "legend": {
        "alignAsTable": true,
        "avg": false,
        "current": true,
        "hideEmpty": false,
        "hideZero": false,
        "max": true,
        "min": false,
        "rightSide": true,
        "show": true,
        "sort": "max",
        "sortDesc": true,
        "total": false,
        "values": true
      },
      "lines": true,
      "linewidth": 2,
      "links": [],
      "nullPointMode": "null",
      "options": {
        "alertThreshold": true
      },
      "percentage": false,
      "pluginVersion": "7.3.6",
      "pointradius": 5,
      "points": false,
      "renderer": "flot",
      "seriesOverrides": [],
      "spaceLength": 10,
      "stack": false,
      "steppedLine": false,
      "targets": [
        {
          "alias": "$tag_ifName RX",
          "dsType": "influxdb",
          "groupBy": [
            {
              "params": [
                "1s"
              ],
              "type": "time"
            },
            {
              "params": [
                "ifName"
              ],
              "type": "tag"
            }
          ],
          "measurement": "snmp",
          "orderByTime": "ASC",
          "policy": "default",
          "refId": "A",
          "resultFormat": "time_series",
          "select": [
            [
              {
                "params": [
                  "ifHCInOctets"
                ],
                "type": "field"
              },
              {
                "params": [],
                "type": "mean"
              },
              {
                "params": [
                  "1s"
                ],
                "type": "derivative"
              },
              {
                "params": [
                  " *8/2"
                ],
                "type": "math"
              }
            ]
          ],
          "tags": [
            {
              "key": "agent_host",
              "operator": "=",
              "value": "194.74.65.228"
            }
          ]
        }
      ],
      "thresholds": [],
      "timeFrom": null,
      "timeRegions": [],
      "timeShift": null,
      "title": "Interface RX rate",
      "tooltip": {
        "shared": true,
        "sort": 0,
        "value_type": "individual"
      },
      "type": "graph",
      "xaxis": {
        "buckets": null,
        "mode": "time",
        "name": null,
        "show": true,
        "values": []
      },
      "yaxes": [
        {
          "format": "bps",
          "label": null,
          "logBase": 1,
          "max": null,
          "min": null,
          "show": true
        },
        {
          "format": "short",
          "label": null,
          "logBase": 1,
          "max": null,
          "min": null,
          "show": true
        }
      ],
      "yaxis": {
        "align": false,
        "alignLevel": null
      }
    },
    {
      "collapsed": false,
      "datasource": null,
      "gridPos": {
        "h": 1,
        "w": 24,
        "x": 0,
        "y": 31
      },
      "id": 20,
      "panels": [],
      "repeat": null,
      "title": "Inventory information",
      "type": "row"
    },
    {
      "columns": [],
      "datasource": "InfluxDB",
      "fieldConfig": {
        "defaults": {
          "custom": {}
        },
        "overrides": []
      },
      "filterNull": false,
      "fontSize": "100%",
      "gridPos": {
        "h": 7,
        "w": 24,
        "x": 0,
        "y": 32
      },
      "id": 5,
      "links": [],
      "pageSize": null,
      "scroll": true,
      "showHeader": true,
      "sort": {
        "col": 1,
        "desc": true
      },
      "styles": [
        {
          "align": "auto",
          "dateFormat": "YYYY-MM-DD HH:mm:ss",
          "pattern": "Time",
          "type": "date"
        },
        {
          "align": "auto",
          "colorMode": null,
          "colors": [
            "rgba(245, 54, 54, 0.9)",
            "rgba(237, 129, 40, 0.89)",
            "rgba(50, 172, 45, 0.97)"
          ],
          "decimals": 2,
          "pattern": "/.*/",
          "thresholds": [],
          "type": "number",
          "unit": "short"
        }
      ],
      "targets": [
        {
          "alias": "Name",
          "dsType": "influxdb",
          "groupBy": [],
          "measurement": "inventory",
          "orderByTime": "ASC",
          "policy": "default",
          "refId": "A",
          "resultFormat": "time_series",
          "select": [
            [
              {
                "params": [
                  "entPhysicalName"
                ],
                "type": "field"
              }
            ]
          ],
          "tags": [
            {
              "key": "agent_host",
              "operator": "=",
              "value": "194.74.65.228"
            }
          ]
        },
        {
          "alias": "Serial Number",
          "dsType": "influxdb",
          "groupBy": [],
          "measurement": "inventory",
          "orderByTime": "ASC",
          "policy": "default",
          "refId": "B",
          "resultFormat": "time_series",
          "select": [
            [
              {
                "params": [
                  "entPhysicalSerialNum"
                ],
                "type": "field"
              }
            ]
          ],
          "tags": [
            {
              "key": "agent_host",
              "operator": "=",
              "value": "194.74.65.228"
            }
          ]
        },
        {
          "alias": "Description",
          "dsType": "influxdb",
          "groupBy": [],
          "measurement": "inventory",
          "orderByTime": "ASC",
          "policy": "default",
          "refId": "C",
          "resultFormat": "time_series",
          "select": [
            [
              {
                "params": [
                  "entPhysicalDescr"
                ],
                "type": "field"
              }
            ]
          ],
          "tags": [
            {
              "key": "agent_host",
              "operator": "=",
              "value": "194.74.65.228"
            }
          ]
        }
      ],
      "title": "Inventory information",
      "transform": "timeseries_to_columns",
      "type": "table-old"
    },
    {
      "collapsed": false,
      "datasource": null,
      "gridPos": {
        "h": 1,
        "w": 24,
        "x": 0,
        "y": 39
      },
      "id": 21,
      "panels": [],
      "repeat": null,
      "title": "BGP information",
      "type": "row"
    },
    {
      "columns": [
        {
          "text": "Current",
          "value": "current"
        }
      ],
      "datasource": "InfluxDB",
      "fieldConfig": {
        "defaults": {
          "custom": {}
        },
        "overrides": []
      },
      "filterNull": false,
      "fontSize": "100%",
      "gridPos": {
        "h": 6,
        "w": 12,
        "x": 0,
        "y": 40
      },
      "id": 8,
      "links": [],
      "pageSize": null,
      "scroll": true,
      "showHeader": true,
      "sort": {
        "col": 0,
        "desc": true
      },
      "styles": [
        {
          "align": "auto",
          "dateFormat": "YYYY-MM-DD HH:mm:ss",
          "pattern": "Time",
          "type": "date"
        },
        {
          "align": "auto",
          "colorMode": null,
          "colors": [
            "rgba(245, 54, 54, 0.9)",
            "rgba(237, 129, 40, 0.89)",
            "rgba(50, 172, 45, 0.97)"
          ],
          "decimals": 0,
          "pattern": "/.*/",
          "thresholds": [],
          "type": "number",
          "unit": "none"
        }
      ],
      "targets": [
        {
          "alias": "Prefixes Accepted (172.16.0.1)",
          "dsType": "influxdb",
          "groupBy": [],
          "measurement": "BGP-peer",
          "orderByTime": "ASC",
          "policy": "default",
          "refId": "A",
          "resultFormat": "time_series",
          "select": [
            [
              {
                "params": [
                  "cbgpPeerPrefixAccepted"
                ],
                "type": "field"
              },
              {
                "params": [],
                "type": "last"
              }
            ]
          ],
          "tags": [
            {
              "key": "index",
              "operator": "=",
              "value": "172.16.0.1"
            }
          ]
        },
        {
          "alias": "Prefixes Accepted (199.0.0.100)",
          "dsType": "influxdb",
          "groupBy": [],
          "measurement": "BGP-peer",
          "orderByTime": "ASC",
          "policy": "default",
          "refId": "B",
          "resultFormat": "time_series",
          "select": [
            [
              {
                "params": [
                  "cbgpPeerPrefixAccepted"
                ],
                "type": "field"
              },
              {
                "params": [],
                "type": "last"
              }
            ]
          ],
          "tags": [
            {
              "key": "index",
              "operator": "=",
              "value": "199.0.0.100"
            }
          ]
        },
        {
          "alias": "Prefixes Advertised (172.16.0.1)",
          "dsType": "influxdb",
          "groupBy": [],
          "measurement": "BGP-peer",
          "orderByTime": "ASC",
          "policy": "default",
          "refId": "C",
          "resultFormat": "time_series",
          "select": [
            [
              {
                "params": [
                  "cbgpPeerPrefixAdvertised"
                ],
                "type": "field"
              },
              {
                "params": [],
                "type": "last"
              }
            ]
          ],
          "tags": [
            {
              "key": "index",
              "operator": "=",
              "value": "172.16.0.1"
            }
          ]
        },
        {
          "alias": "Prefixes Advertised (199.0.0.100)",
          "dsType": "influxdb",
          "groupBy": [],
          "measurement": "BGP-peer",
          "orderByTime": "ASC",
          "policy": "default",
          "refId": "D",
          "resultFormat": "time_series",
          "select": [
            [
              {
                "params": [
                  "cbgpPeerPrefixAdvertised"
                ],
                "type": "field"
              },
              {
                "params": [],
                "type": "last"
              }
            ]
          ],
          "tags": [
            {
              "key": "index",
              "operator": "=",
              "value": "199.0.0.100"
            }
          ]
        }
      ],
      "title": "BGP Accepted/Advertised prefixes",
      "transform": "timeseries_aggregations",
      "type": "table-old"
    },
    {
      "columns": [
        {
          "text": "Current",
          "value": "current"
        }
      ],
      "datasource": "InfluxDB",
      "fieldConfig": {
        "defaults": {
          "custom": {}
        },
        "overrides": []
      },
      "filterNull": false,
      "fontSize": "100%",
      "gridPos": {
        "h": 6,
        "w": 12,
        "x": 12,
        "y": 40
      },
      "id": 13,
      "links": [],
      "pageSize": null,
      "scroll": true,
      "showHeader": true,
      "sort": {
        "col": 0,
        "desc": true
      },
      "styles": [
        {
          "align": "auto",
          "dateFormat": "YYYY-MM-DD HH:mm:ss",
          "pattern": "Time",
          "type": "date"
        },
        {
          "align": "auto",
          "colorMode": null,
          "colors": [
            "rgba(245, 54, 54, 0.9)",
            "rgba(237, 129, 40, 0.89)",
            "rgba(50, 172, 45, 0.97)"
          ],
          "decimals": 0,
          "pattern": "/.*/",
          "thresholds": [],
          "type": "number",
          "unit": "none"
        }
      ],
      "targets": [
        {
          "alias": "Prefixes denied (172.16.0.1)",
          "dsType": "influxdb",
          "groupBy": [],
          "measurement": "BGP-peer",
          "orderByTime": "ASC",
          "policy": "default",
          "refId": "A",
          "resultFormat": "time_series",
          "select": [
            [
              {
                "params": [
                  "cbgpPeerPrefixDenied"
                ],
                "type": "field"
              }
            ]
          ],
          "tags": [
            {
              "key": "index",
              "operator": "=",
              "value": "172.16.0.1"
            }
          ]
        },
        {
          "alias": "Prefixes denied (199.0.0.100)",
          "dsType": "influxdb",
          "groupBy": [],
          "measurement": "BGP-peer",
          "orderByTime": "ASC",
          "policy": "default",
          "refId": "B",
          "resultFormat": "time_series",
          "select": [
            [
              {
                "params": [
                  "cbgpPeerPrefixDenied"
                ],
                "type": "field"
              }
            ]
          ],
          "tags": [
            {
              "key": "index",
              "operator": "=",
              "value": "199.0.0.100"
            }
          ]
        },
        {
          "alias": "Prefixes withdrawn (172.16.0.1)",
          "dsType": "influxdb",
          "groupBy": [],
          "measurement": "BGP-peer",
          "orderByTime": "ASC",
          "policy": "default",
          "refId": "C",
          "resultFormat": "time_series",
          "select": [
            [
              {
                "params": [
                  "cbgpPeerPrefixWithdrawn"
                ],
                "type": "field"
              }
            ]
          ],
          "tags": [
            {
              "key": "index",
              "operator": "=",
              "value": "172.16.0.1"
            }
          ]
        },
        {
          "alias": "Prefixes withdrawn (199.0.0.100)",
          "dsType": "influxdb",
          "groupBy": [],
          "measurement": "BGP-peer",
          "orderByTime": "ASC",
          "policy": "default",
          "refId": "D",
          "resultFormat": "time_series",
          "select": [
            [
              {
                "params": [
                  "cbgpPeerPrefixWithdrawn"
                ],
                "type": "field"
              }
            ]
          ],
          "tags": [
            {
              "key": "index",
              "operator": "=",
              "value": "199.0.0.100"
            }
          ]
        }
      ],
      "title": "BGP Denied/Withdrawn prefixes",
      "transform": "timeseries_aggregations",
      "type": "table-old"
    },
    {
      "collapsed": false,
      "datasource": null,
      "gridPos": {
        "h": 1,
        "w": 24,
        "x": 0,
        "y": 46
      },
      "id": 22,
      "panels": [],
      "repeat": null,
      "title": "MPLS information",
      "type": "row"
    },
    {
      "columns": [],
      "datasource": "InfluxDB",
      "fieldConfig": {
        "defaults": {
          "custom": {}
        },
        "overrides": []
      },
      "filterNull": false,
      "fontSize": "100%",
      "gridPos": {
        "h": 7,
        "w": 8,
        "x": 0,
        "y": 47
      },
      "id": 14,
      "links": [],
      "pageSize": null,
      "scroll": true,
      "showHeader": true,
      "sort": {
        "col": 0,
        "desc": true
      },
      "styles": [
        {
          "align": "auto",
          "dateFormat": "YYYY-MM-DD HH:mm:ss",
          "pattern": "Time",
          "type": "date"
        },
        {
          "align": "auto",
          "colorMode": null,
          "colors": [
            "rgba(245, 54, 54, 0.9)",
            "rgba(237, 129, 40, 0.89)",
            "rgba(50, 172, 45, 0.97)"
          ],
          "decimals": 2,
          "pattern": "/.*/",
          "thresholds": [],
          "type": "number",
          "unit": "short"
        }
      ],
      "targets": [
        {
          "alias": "Tunnel name",
          "dsType": "influxdb",
          "groupBy": [],
          "measurement": "MPLS-total",
          "orderByTime": "ASC",
          "policy": "default",
          "refId": "A",
          "resultFormat": "time_series",
          "select": [
            [
              {
                "params": [
                  "mplsTunnelName"
                ],
                "type": "field"
              }
            ]
          ],
          "tags": [
            {
              "key": "agent_host",
              "operator": "=",
              "value": "194.74.65.228"
            },
            {
              "condition": "AND",
              "key": "index",
              "operator": "=~",
              "value": "/.*/"
            }
          ]
        }
      ],
      "title": "All MPLS tunnels",
      "transform": "timeseries_to_rows",
      "type": "table-old"
    },
    {
      "columns": [],
      "datasource": "InfluxDB",
      "fieldConfig": {
        "defaults": {
          "custom": {}
        },
        "overrides": []
      },
      "filterNull": false,
      "fontSize": "100%",
      "gridPos": {
        "h": 7,
        "w": 8,
        "x": 8,
        "y": 47
      },
      "id": 15,
      "links": [],
      "pageSize": null,
      "scroll": true,
      "showHeader": true,
      "sort": {
        "col": 0,
        "desc": true
      },
      "styles": [
        {
          "align": "auto",
          "dateFormat": "YYYY-MM-DD HH:mm:ss",
          "pattern": "Time",
          "type": "date"
        },
        {
          "align": "auto",
          "colorMode": null,
          "colors": [
            "rgba(245, 54, 54, 0.9)",
            "rgba(237, 129, 40, 0.89)",
            "rgba(50, 172, 45, 0.97)"
          ],
          "decimals": 2,
          "pattern": "/.*/",
          "thresholds": [],
          "type": "number",
          "unit": "short"
        }
      ],
      "targets": [
        {
          "alias": "Tunnel Status",
          "dsType": "influxdb",
          "groupBy": [],
          "measurement": "MPLS-total",
          "orderByTime": "ASC",
          "policy": "default",
          "refId": "A",
          "resultFormat": "time_series",
          "select": [
            [
              {
                "params": [
                  "mplsTunnelOperStatus"
                ],
                "type": "field"
              }
            ]
          ],
          "tags": [
            {
              "key": "agent_host",
              "operator": "=",
              "value": "194.74.65.228"
            },
            {
              "condition": "AND",
              "key": "index",
              "operator": "=~",
              "value": "/.*/"
            }
          ]
        },
        {
          "alias": "Tunnel Name",
          "dsType": "influxdb",
          "groupBy": [],
          "measurement": "MPLS-total",
          "orderByTime": "ASC",
          "policy": "default",
          "refId": "B",
          "resultFormat": "time_series",
          "select": [
            [
              {
                "params": [
                  "mplsTunnelName"
                ],
                "type": "field"
              }
            ]
          ],
          "tags": [
            {
              "key": "agent_host",
              "operator": "=",
              "value": "194.74.65.228"
            },
            {
              "condition": "AND",
              "key": "index",
              "operator": "=~",
              "value": "/.*/"
            }
          ]
        }
      ],
      "title": "All MPLS tunnels",
      "transform": "timeseries_to_rows",
      "type": "table-old"
    },
    {
      "columns": [],
      "datasource": "InfluxDB",
      "fieldConfig": {
        "defaults": {
          "custom": {}
        },
        "overrides": []
      },
      "filterNull": false,
      "fontSize": "100%",
      "gridPos": {
        "h": 7,
        "w": 8,
        "x": 16,
        "y": 47
      },
      "id": 16,
      "links": [],
      "pageSize": null,
      "scroll": true,
      "showHeader": true,
      "sort": {
        "col": 0,
        "desc": true
      },
      "styles": [
        {
          "align": "auto",
          "dateFormat": "YYYY-MM-DD HH:mm:ss",
          "pattern": "Time",
          "type": "date"
        },
        {
          "align": "auto",
          "colorMode": null,
          "colors": [
            "rgba(245, 54, 54, 0.9)",
            "rgba(237, 129, 40, 0.89)",
            "rgba(50, 172, 45, 0.97)"
          ],
          "decimals": 2,
          "pattern": "/.*/",
          "thresholds": [],
          "type": "number",
          "unit": "ms"
        }
      ],
      "targets": [
        {
          "alias": "Tunnel Uptime",
          "dsType": "influxdb",
          "groupBy": [],
          "measurement": "MPLS-total",
          "orderByTime": "ASC",
          "policy": "default",
          "refId": "A",
          "resultFormat": "time_series",
          "select": [
            [
              {
                "params": [
                  "mplsTunnelTotalUpTime"
                ],
                "type": "field"
              }
            ]
          ],
          "tags": [
            {
              "key": "agent_host",
              "operator": "=",
              "value": "194.74.65.228"
            },
            {
              "condition": "AND",
              "key": "index",
              "operator": "=~",
              "value": "/.*/"
            }
          ]
        }
      ],
      "title": "All MPLS tunnels",
      "transform": "timeseries_to_rows",
      "type": "table-old"
    }
  ],
  "schemaVersion": 26,
  "style": "dark",
  "tags": [
    "SNMP",
    "demo"
  ],
  "templating": {
    "list": []
  },
  "time": {
    "from": "now-1h",
    "to": "now"
  },
  "timepicker": {
    "refresh_intervals": [
      "1h"
    ],
    "time_options": [
      "5m",
      "15m",
      "1h",
      "6h",
      "12h",
      "24h",
      "2d",
      "7d",
      "30d"
    ]
  },
  "timezone": "browser",
  "title": "IOSXR_Device_Metrics_SNMP",
  "uid": "VYKRm0zmk",
  "version": 1
}
