{
  "annotations": {
    "list": [
      {
        "builtIn": 1,
        "datasource": "-- Grafana --",
        "enable": true,
        "hide": true,
        "iconColor": "rgba(0, 211, 255, 1)",
        "name": "Annotations & Alerts",
        "type": "dashboard"
      }
    ]
  },
  "editable": true,
  "gnetId": null,
  "graphTooltip": 0,
  "id": 3,
  "iteration": 1626427338297,
  "links": [],
  "panels": [
    {
      "collapsed": true,
      "datasource": null,
      "gridPos": {
        "h": 1,
        "w": 24,
        "x": 0,
        "y": 0
      },
      "id": 64,
      "panels": [],
      "repeat": null,
      "title": "Summary",
      "type": "row"
    },
    {
      "cacheTimeout": null,
      "datasource": "InfluxDB",
      "fieldConfig": {
        "defaults": {
          "custom": {},
          "mappings": [
            {
              "id": 0,
              "op": "=",
              "text": "N/A",
              "type": 1,
              "value": "null"
            }
          ],
          "max": 100,
          "min": 0,
          "nullValueMode": "connected",
          "thresholds": {
            "mode": "absolute",
            "steps": [
              {
                "color": "rgba(50, 172, 45, 0.97)",
                "value": null
              },
              {
                "color": "rgba(237, 129, 40, 0.89)",
                "value": 50
              },
              {
                "color": "rgba(245, 54, 54, 0.9)",
                "value": 70
              }
            ]
          },
          "unit": "percent"
        },
        "overrides": []
      },
      "gridPos": {
        "h": 6,
        "w": 4,
        "x": 0,
        "y": 1
      },
      "id": 1,
      "interval": null,
      "links": [],
      "maxDataPoints": 100,
      "options": {
        "orientation": "horizontal",
        "reduceOptions": {
          "calcs": [
            "mean"
          ],
          "fields": "",
          "values": false
        },
        "showThresholdLabels": false,
        "showThresholdMarkers": true
      },
      "pluginVersion": "7.3.6",
      "targets": [
        {
          "alias": "CPU",
          "dsType": "influxdb",
          "groupBy": [
            {
              "params": [
                "$__interval"
              ],
              "type": "time"
            },
            {
              "params": [
                "null"
              ],
              "type": "fill"
            }
          ],
          "measurement": "Cisco-IOS-XR-wdsysmon-fd-oper:system-monitoring/cpu-utilization",
          "orderByTime": "ASC",
          "policy": "default",
          "query": "SELECT mean(\"total_cpu_one_minute\") FROM \"Cisco-IOS-XR-wdsysmon-fd-oper:system-monitoring/cpu-utilization\" WHERE (\"source\" =~ /^$Node$/ AND \"node_name\" = '0/RP0/CPU0') AND $timeFilter GROUP BY time($__interval) fill(null)",
          "rawQuery": true,
          "refId": "A",
          "resultFormat": "time_series",
          "select": [
            [
              {
                "params": [
                  "total_cpu_one_minute"
                ],
                "type": "field"
              },
              {
                "params": [],
                "type": "mean"
              }
            ]
          ],
          "tags": [
            {
              "key": "source",
              "operator": "=~",
              "value": "/^$Node$/"
            },
            {
              "condition": "AND",
              "key": "node_name",
              "operator": "=",
              "value": "0/RP0/CPU0"
            }
          ]
        },
        {
          "alias": "CPU",
          "dsType": "influxdb",
          "groupBy": [
            {
              "params": [
                "$__interval"
              ],
              "type": "time"
            },
            {
              "params": [
                "null"
              ],
              "type": "fill"
            }
          ],
          "measurement": "Cisco-IOS-XR-wdsysmon-fd-oper:system-monitoring/cpu-utilization",
          "orderByTime": "ASC",
          "policy": "default",
          "query": "SELECT max(\"total-cpu-one-minute\") FROM \"Cisco-IOS-XR-wdsysmon-fd-oper:system-monitoring/cpu-utilization\" WHERE (\"source\" =~ /^$Node$/) AND $timeFilter GROUP BY time($__interval) fill(null)",
          "rawQuery": false,
          "refId": "B",
          "resultFormat": "time_series",
          "select": [
            [
              {
                "params": [
                  "total_cpu_one_minute"
                ],
                "type": "field"
              },
              {
                "params": [],
                "type": "mean"
              }
            ]
          ],
          "tags": [
            {
              "key": "source",
              "operator": "=~",
              "value": "/^$Node$/"
            },
            {
              "condition": "AND",
              "key": "node_name",
              "operator": "=",
              "value": "0/RSP0/CPU0"
            }
          ]
        }
      ],
      "title": "CPU Utilization - RP0",
      "type": "gauge"
    },
    {
      "cacheTimeout": null,
      "datasource": "InfluxDB",
      "fieldConfig": {
        "defaults": {
          "custom": {},
          "mappings": [
            {
              "id": 0,
              "op": "=",
              "text": "N/A",
              "type": 1,
              "value": "null"
            }
          ],
          "max": 100,
          "min": 0,
          "nullValueMode": "connected",
          "thresholds": {
            "mode": "absolute",
            "steps": [
              {
                "color": "rgba(50, 172, 45, 0.97)",
                "value": null
              },
              {
                "color": "rgba(237, 129, 40, 0.89)",
                "value": 50
              },
              {
                "color": "rgba(245, 54, 54, 0.9)",
                "value": 70
              }
            ]
          },
          "unit": "percent"
        },
        "overrides": []
      },
      "gridPos": {
        "h": 6,
        "w": 4,
        "x": 4,
        "y": 1
      },
      "id": 76,
      "interval": null,
      "links": [],
      "maxDataPoints": 100,
      "options": {
        "orientation": "horizontal",
        "reduceOptions": {
          "calcs": [
            "mean"
          ],
          "fields": "",
          "values": false
        },
        "showThresholdLabels": false,
        "showThresholdMarkers": true
      },
      "pluginVersion": "7.3.6",
      "targets": [
        {
          "alias": "CPU",
          "dsType": "influxdb",
          "groupBy": [
            {
              "params": [
                "$__interval"
              ],
              "type": "time"
            },
            {
              "params": [
                "null"
              ],
              "type": "fill"
            }
          ],
          "measurement": "Cisco-IOS-XR-wdsysmon-fd-oper:system-monitoring/cpu-utilization",
          "orderByTime": "ASC",
          "policy": "default",
          "query": "SELECT max(\"total-cpu-one-minute\") FROM \"Cisco-IOS-XR-wdsysmon-fd-oper:system-monitoring/cpu-utilization\" WHERE (\"source\" =~ /^$Node$/) AND $timeFilter GROUP BY time($__interval) fill(null)",
          "rawQuery": false,
          "refId": "A",
          "resultFormat": "time_series",
          "select": [
            [
              {
                "params": [
                  "total_cpu_one_minute"
                ],
                "type": "field"
              },
              {
                "params": [],
                "type": "mean"
              }
            ]
          ],
          "tags": [
            {
              "key": "source",
              "operator": "=~",
              "value": "/^$Node$/"
            },
            {
              "condition": "AND",
              "key": "node_name",
              "operator": "=",
              "value": "0/RP1/CPU0"
            }
          ]
        },
        {
          "alias": "CPU",
          "dsType": "influxdb",
          "groupBy": [
            {
              "params": [
                "$__interval"
              ],
              "type": "time"
            },
            {
              "params": [
                "null"
              ],
              "type": "fill"
            }
          ],
          "measurement": "Cisco-IOS-XR-wdsysmon-fd-oper:system-monitoring/cpu-utilization",
          "orderByTime": "ASC",
          "policy": "default",
          "query": "SELECT max(\"total-cpu-one-minute\") FROM \"Cisco-IOS-XR-wdsysmon-fd-oper:system-monitoring/cpu-utilization\" WHERE (\"source\" =~ /^$Node$/) AND $timeFilter GROUP BY time($__interval) fill(null)",
          "rawQuery": false,
          "refId": "B",
          "resultFormat": "time_series",
          "select": [
            [
              {
                "params": [
                  "total_cpu_one_minute"
                ],
                "type": "field"
              },
              {
                "params": [],
                "type": "mean"
              }
            ]
          ],
          "tags": [
            {
              "key": "source",
              "operator": "=~",
              "value": "/^$Node$/"
            },
            {
              "condition": "AND",
              "key": "node_name",
              "operator": "=",
              "value": "0/RSP1/CPU0"
            }
          ]
        }
      ],
      "title": "CPU Utilization - RP1",
      "type": "gauge"
    },
    {
      "cacheTimeout": null,
      "datasource": "InfluxDB",
      "fieldConfig": {
        "defaults": {
          "custom": {},
          "mappings": [
            {
              "id": 0,
              "op": "=",
              "text": "N/A",
              "type": 1,
              "value": "null"
            }
          ],
          "max": 100,
          "min": 0,
          "nullValueMode": "connected",
          "thresholds": {
            "mode": "absolute",
            "steps": [
              {
                "color": "rgba(50, 172, 45, 0.97)",
                "value": null
              },
              {
                "color": "rgba(237, 129, 40, 0.89)",
                "value": 60
              },
              {
                "color": "rgba(245, 54, 54, 0.9)",
                "value": 80
              }
            ]
          },
          "unit": "percent"
        },
        "overrides": []
      },
      "gridPos": {
        "h": 6,
        "w": 4,
        "x": 8,
        "y": 1
      },
      "id": 2,
      "interval": null,
      "links": [],
      "maxDataPoints": 100,
      "options": {
        "orientation": "horizontal",
        "reduceOptions": {
          "calcs": [
            "mean"
          ],
          "fields": "",
          "values": false
        },
        "showThresholdLabels": false,
        "showThresholdMarkers": true
      },
      "pluginVersion": "7.3.6",
      "targets": [
        {
          "alias": "Memory Use",
          "dsType": "influxdb",
          "groupBy": [
            {
              "params": [
                "$__interval"
              ],
              "type": "time"
            },
            {
              "params": [
                "null"
              ],
              "type": "fill"
            }
          ],
          "measurement": "Cisco-IOS-XR-nto-misc-oper:memory-summary/nodes/node/summary",
          "orderByTime": "ASC",
          "policy": "default",
          "query": "SELECT (last(\"system_ram_memory\") - last(\"free_application_memory\")) * 100 / last(\"system_ram_memory\") FROM \"Cisco-IOS-XR-nto-misc-oper:memory-summary/nodes/node/summary\" WHERE (\"source\" =~ /^$Node$/ AND \"node_name\" = '0/RP0/CPU0') AND $timeFilter GROUP BY time($__interval) fill(null) ",
          "rawQuery": true,
          "refId": "A",
          "resultFormat": "time_series",
          "select": [
            [
              {
                "params": [
                  "free-application-memory"
                ],
                "type": "field"
              },
              {
                "params": [],
                "type": "last"
              }
            ]
          ],
          "tags": [
            {
              "key": "source",
              "operator": "=~",
              "value": "/^$Node$/"
            }
          ]
        },
        {
          "alias": "Memory Use",
          "dsType": "influxdb",
          "groupBy": [
            {
              "params": [
                "$__interval"
              ],
              "type": "time"
            },
            {
              "params": [
                "null"
              ],
              "type": "fill"
            }
          ],
          "measurement": "Cisco-IOS-XR-nto-misc-oper:memory-summary/nodes/node/summary",
          "orderByTime": "ASC",
          "policy": "default",
          "query": "SELECT (last(\"system_ram_memory\") - last(\"free_application_memory\")) * 100 / last(\"system_ram_memory\") FROM \"Cisco-IOS-XR-nto-misc-oper:memory-summary/nodes/node/summary\" WHERE (\"source\" =~ /^$Node$/ AND \"node_name\" = '0/RSP0/CPU0') AND $timeFilter GROUP BY time($__interval) fill(null) ",
          "rawQuery": true,
          "refId": "B",
          "resultFormat": "time_series",
          "select": [
            [
              {
                "params": [
                  "free-application-memory"
                ],
                "type": "field"
              },
              {
                "params": [],
                "type": "last"
              }
            ]
          ],
          "tags": [
            {
              "key": "source",
              "operator": "=~",
              "value": "/^$Node$/"
            }
          ]
        }
      ],
      "title": "Memory Used - RP0",
      "type": "gauge"
    },
    {
      "cacheTimeout": null,
      "datasource": "InfluxDB",
      "fieldConfig": {
        "defaults": {
          "custom": {},
          "mappings": [
            {
              "id": 0,
              "op": "=",
              "text": "N/A",
              "type": 1,
              "value": "null"
            }
          ],
          "max": 100,
          "min": 0,
          "nullValueMode": "connected",
          "thresholds": {
            "mode": "absolute",
            "steps": [
              {
                "color": "rgba(50, 172, 45, 0.97)",
                "value": null
              },
              {
                "color": "rgba(237, 129, 40, 0.89)",
                "value": 60
              },
              {
                "color": "rgba(245, 54, 54, 0.9)",
                "value": 80
              }
            ]
          },
          "unit": "percent"
        },
        "overrides": []
      },
      "gridPos": {
        "h": 6,
        "w": 4,
        "x": 12,
        "y": 1
      },
      "id": 78,
      "interval": null,
      "links": [],
      "maxDataPoints": 100,
      "options": {
        "orientation": "horizontal",
        "reduceOptions": {
          "calcs": [
            "mean"
          ],
          "fields": "",
          "values": false
        },
        "showThresholdLabels": false,
        "showThresholdMarkers": true
      },
      "pluginVersion": "7.3.6",
      "targets": [
        {
          "alias": "Memory Use",
          "dsType": "influxdb",
          "groupBy": [
            {
              "params": [
                "$__interval"
              ],
              "type": "time"
            },
            {
              "params": [
                "null"
              ],
              "type": "fill"
            }
          ],
          "measurement": "Cisco-IOS-XR-nto-misc-oper:memory-summary/nodes/node/summary",
          "orderByTime": "ASC",
          "policy": "default",
          "query": "SELECT (last(\"system_ram_memory\") - last(\"free_application_memory\")) * 100 / last(\"system_ram_memory\") FROM \"Cisco-IOS-XR-nto-misc-oper:memory-summary/nodes/node/summary\" WHERE (\"source\" =~ /^$Node$/ AND \"node_name\" = '0/RP1/CPU0') AND $timeFilter GROUP BY time($__interval) fill(null) ",
          "rawQuery": true,
          "refId": "A",
          "resultFormat": "time_series",
          "select": [
            [
              {
                "params": [
                  "free-application-memory"
                ],
                "type": "field"
              },
              {
                "params": [],
                "type": "last"
              }
            ]
          ],
          "tags": [
            {
              "key": "source",
              "operator": "=~",
              "value": "/^$Node$/"
            }
          ]
        },
        {
          "alias": "Memory Use",
          "dsType": "influxdb",
          "groupBy": [
            {
              "params": [
                "$__interval"
              ],
              "type": "time"
            },
            {
              "params": [
                "null"
              ],
              "type": "fill"
            }
          ],
          "measurement": "Cisco-IOS-XR-nto-misc-oper:memory-summary/nodes/node/summary",
          "orderByTime": "ASC",
          "policy": "default",
          "query": "SELECT (last(\"system_ram_memory\") - last(\"free_application_memory\")) * 100 / last(\"system_ram_memory\") FROM \"Cisco-IOS-XR-nto-misc-oper:memory-summary/nodes/node/summary\" WHERE (\"source\" =~ /^$Node$/ AND \"node_name\" = '0/RSP1/CPU0') AND $timeFilter GROUP BY time($__interval) fill(null) ",
          "rawQuery": true,
          "refId": "B",
          "resultFormat": "time_series",
          "select": [
            [
              {
                "params": [
                  "free-application-memory"
                ],
                "type": "field"
              },
              {
                "params": [],
                "type": "last"
              }
            ]
          ],
          "tags": [
            {
              "key": "source",
              "operator": "=~",
              "value": "/^$Node$/"
            }
          ]
        }
      ],
      "title": "Memory Used - RP1",
      "type": "gauge"
    },
    {
      "cacheTimeout": null,
      "datasource": "InfluxDB",
      "fieldConfig": {
        "defaults": {
          "custom": {
            "align": null,
            "filterable": false
          },
          "mappings": [
            {
              "id": 0,
              "op": "=",
              "text": "N/A",
              "type": 1,
              "value": "null"
            }
          ],
          "max": 1000000,
          "min": 0,
          "nullValueMode": "connected",
          "thresholds": {
            "mode": "absolute",
            "steps": [
              {
                "color": "green",
                "value": null
              }
            ]
          },
          "unit": "s"
        },
        "overrides": []
      },
      "gridPos": {
        "h": 6,
        "w": 3,
        "x": 16,
        "y": 1
      },
      "id": 56,
      "interval": null,
      "links": [],
      "maxDataPoints": 100,
      "options": {
        "colorMode": "value",
        "graphMode": "area",
        "justifyMode": "auto",
        "orientation": "horizontal",
        "reduceOptions": {
          "calcs": [
            "lastNotNull"
          ],
          "fields": "",
          "values": false
        },
        "textMode": "auto"
      },
      "pluginVersion": "7.3.6",
      "targets": [
        {
          "alias": "Memory Use",
          "dsType": "influxdb",
          "groupBy": [],
          "measurement": "Cisco-IOS-XR-shellutil-oper:system-time/uptime",
          "orderByTime": "ASC",
          "policy": "default",
          "query": "SELECT (last(\"uptime\")) FROM \"Cisco-IOS-XR-shellutil-oper:system-time/uptime\" WHERE (\"source\" =~ /^$Node$/) AND $timeFilter",
          "rawQuery": true,
          "refId": "A",
          "resultFormat": "time_series",
          "select": [
            [
              {
                "params": [
                  "uptime"
                ],
                "type": "field"
              }
            ]
          ],
          "tags": [
            {
              "key": "source",
              "operator": "=~",
              "value": "/^$Node$/"
            }
          ]
        }
      ],
      "timeFrom": null,
      "timeShift": null,
      "title": "Uptime",
      "type": "stat"
    },
    {
      "columns": [
        {
          "text": "Current",
          "value": "current"
        }
      ],
      "datasource": "InfluxDB",
      "fieldConfig": {
        "defaults": {
          "custom": {}
        },
        "overrides": []
      },
      "filterNull": false,
      "fontSize": "100%",
      "gridPos": {
        "h": 6,
        "w": 5,
        "x": 19,
        "y": 1
      },
      "id": 57,
      "links": [],
      "pageSize": null,
      "scroll": true,
      "showHeader": true,
      "sort": {
        "col": 0,
        "desc": true
      },
      "styles": [
        {
          "align": "auto",
          "dateFormat": "YYYY-MM-DD HH:mm:ss",
          "pattern": "Time",
          "type": "date"
        },
        {
          "align": "auto",
          "colorMode": null,
          "colors": [
            "rgba(245, 54, 54, 0.9)",
            "rgba(237, 129, 40, 0.89)",
            "rgba(50, 172, 45, 0.97)"
          ],
          "decimals": 0,
          "pattern": "/.*/",
          "thresholds": [],
          "type": "number",
          "unit": "none"
        }
      ],
      "targets": [
        {
          "alias": "Total Interfaces",
          "dsType": "influxdb",
          "groupBy": [
            {
              "params": [
                "$__interval"
              ],
              "type": "time"
            },
            {
              "params": [
                "null"
              ],
              "type": "fill"
            }
          ],
          "measurement": "Cisco-IOS-XR-pfi-im-cmd-oper:interfaces/interface-summary",
          "orderByTime": "ASC",
          "policy": "default",
          "query": "SELECT last(\"interface-counts__interface-count\") FROM \"Cisco-IOS-XR-pfi-im-cmd-oper:interfaces/interface-summary\" WHERE (\"source\" =~ /^$Node$/) AND $timeFilter GROUP BY time($__interval) fill(null)",
          "rawQuery": false,
          "refId": "A",
          "resultFormat": "time_series",
          "select": [
            [
              {
                "params": [
                  "interface_counts/interface_count"
                ],
                "type": "field"
              },
              {
                "params": [],
                "type": "last"
              }
            ]
          ],
          "tags": [
            {
              "key": "source",
              "operator": "=~",
              "value": "/^$Node$/"
            }
          ]
        },
        {
          "alias": "Interfaces Up",
          "dsType": "influxdb",
          "groupBy": [
            {
              "params": [
                "$__interval"
              ],
              "type": "time"
            },
            {
              "params": [
                "null"
              ],
              "type": "fill"
            }
          ],
          "measurement": "Cisco-IOS-XR-pfi-im-cmd-oper:interfaces/interface-summary",
          "orderByTime": "ASC",
          "policy": "default",
          "refId": "B",
          "resultFormat": "time_series",
          "select": [
            [
              {
                "params": [
                  "interface_counts/up_interface_count"
                ],
                "type": "field"
              },
              {
                "params": [],
                "type": "last"
              }
            ]
          ],
          "tags": [
            {
              "key": "source",
              "operator": "=~",
              "value": "/^$Node$/"
            }
          ]
        },
        {
          "alias": "Interfaces Down",
          "dsType": "influxdb",
          "groupBy": [
            {
              "params": [
                "$__interval"
              ],
              "type": "time"
            },
            {
              "params": [
                "null"
              ],
              "type": "fill"
            }
          ],
          "measurement": "Cisco-IOS-XR-pfi-im-cmd-oper:interfaces/interface-summary",
          "orderByTime": "ASC",
          "policy": "default",
          "refId": "C",
          "resultFormat": "time_series",
          "select": [
            [
              {
                "params": [
                  "interface_counts/down_interface_count"
                ],
                "type": "field"
              },
              {
                "params": [],
                "type": "last"
              }
            ]
          ],
          "tags": [
            {
              "key": "source",
              "operator": "=~",
              "value": "/^$Node$/"
            }
          ]
        },
        {
          "alias": "Interfaces Admin Down",
          "dsType": "influxdb",
          "groupBy": [
            {
              "params": [
                "$__interval"
              ],
              "type": "time"
            },
            {
              "params": [
                "null"
              ],
              "type": "fill"
            }
          ],
          "measurement": "Cisco-IOS-XR-pfi-im-cmd-oper:interfaces/interface-summary",
          "orderByTime": "ASC",
          "policy": "default",
          "refId": "D",
          "resultFormat": "time_series",
          "select": [
            [
              {
                "params": [
                  "interface_counts/admin_down_interface_count"
                ],
                "type": "field"
              },
              {
                "params": [],
                "type": "last"
              }
            ]
          ],
          "tags": [
            {
              "key": "source",
              "operator": "=~",
              "value": "/^$Node$/"
            }
          ]
        }
      ],
      "title": "Interface Summary",
      "transform": "timeseries_aggregations",
      "type": "table-old"
    },
    {
      "aliasColors": {},
      "bars": false,
      "dashLength": 10,
      "dashes": false,
      "datasource": "InfluxDB",
      "description": "",
      "fieldConfig": {
        "defaults": {
          "custom": {}
        },
        "overrides": []
      },
      "fill": 1,
      "fillGradient": 0,
      "gridPos": {
        "h": 7,
        "w": 12,
        "x": 0,
        "y": 7
      },
      "hiddenSeries": false,
      "id": 67,
      "legend": {
        "alignAsTable": true,
        "avg": false,
        "current": true,
        "max": true,
        "min": false,
        "rightSide": false,
        "show": true,
        "total": false,
        "values": true
      },
      "lines": true,
      "linewidth": 2,
      "links": [],
      "nullPointMode": "null",
      "options": {
        "alertThreshold": true
      },
      "percentage": false,
      "pluginVersion": "7.3.6",
      "pointradius": 5,
      "points": false,
      "renderer": "flot",
      "seriesOverrides": [],
      "spaceLength": 10,
      "stack": false,
      "steppedLine": false,
      "targets": [
        {
          "alias": "[[tag_node_name]] - CPU 1 min",
          "dsType": "influxdb",
          "groupBy": [
            {
              "params": [
                "node_name"
              ],
              "type": "tag"
            }
          ],
          "measurement": "Cisco-IOS-XR-wdsysmon-fd-oper:system-monitoring/cpu-utilization",
          "orderByTime": "ASC",
          "policy": "default",
          "refId": "A",
          "resultFormat": "time_series",
          "select": [
            [
              {
                "params": [
                  "total_cpu_one_minute"
                ],
                "type": "field"
              }
            ]
          ],
          "tags": [
            {
              "key": "source",
              "operator": "=~",
              "value": "/^$Node$/"
            },
            {
              "condition": "AND",
              "key": "node_name",
              "operator": "=",
              "value": "0/RP0/CPU0"
            }
          ]
        },
        {
          "alias": "[[tag_node_name]] - CPU 5 min",
          "dsType": "influxdb",
          "groupBy": [
            {
              "params": [
                "node_name"
              ],
              "type": "tag"
            }
          ],
          "measurement": "Cisco-IOS-XR-wdsysmon-fd-oper:system-monitoring/cpu-utilization",
          "orderByTime": "ASC",
          "policy": "default",
          "refId": "B",
          "resultFormat": "time_series",
          "select": [
            [
              {
                "params": [
                  "total_cpu_five_minute"
                ],
                "type": "field"
              }
            ]
          ],
          "tags": [
            {
              "key": "source",
              "operator": "=~",
              "value": "/^$Node$/"
            },
            {
              "condition": "AND",
              "key": "node_name",
              "operator": "=",
              "value": "0/RP0/CPU0"
            }
          ]
        },
        {
          "alias": "[[tag_node_name]] - CPU 1 min",
          "dsType": "influxdb",
          "groupBy": [
            {
              "params": [
                "node_name"
              ],
              "type": "tag"
            }
          ],
          "measurement": "Cisco-IOS-XR-wdsysmon-fd-oper:system-monitoring/cpu-utilization",
          "orderByTime": "ASC",
          "policy": "default",
          "refId": "C",
          "resultFormat": "time_series",
          "select": [
            [
              {
                "params": [
                  "total_cpu_one_minute"
                ],
                "type": "field"
              }
            ]
          ],
          "tags": [
            {
              "key": "source",
              "operator": "=~",
              "value": "/^$Node$/"
            },
            {
              "condition": "AND",
              "key": "node_name",
              "operator": "=",
              "value": "0/RSP0/CPU0"
            }
          ]
        },
        {
          "alias": "[[tag_node_name]] - CPU 5 min",
          "dsType": "influxdb",
          "groupBy": [
            {
              "params": [
                "node_name"
              ],
              "type": "tag"
            }
          ],
          "measurement": "Cisco-IOS-XR-wdsysmon-fd-oper:system-monitoring/cpu-utilization",
          "orderByTime": "ASC",
          "policy": "default",
          "refId": "D",
          "resultFormat": "time_series",
          "select": [
            [
              {
                "params": [
                  "total_cpu_five_minute"
                ],
                "type": "field"
              }
            ]
          ],
          "tags": [
            {
              "key": "source",
              "operator": "=~",
              "value": "/^$Node$/"
            },
            {
              "condition": "AND",
              "key": "node_name",
              "operator": "=",
              "value": "0/RSP0/CPU0"
            }
          ]
        }
      ],
      "thresholds": [],
      "timeFrom": null,
      "timeRegions": [],
      "timeShift": null,
      "title": "CPU Load Historical - 0/RP0/CPU0",
      "tooltip": {
        "shared": true,
        "sort": 0,
        "value_type": "individual"
      },
      "type": "graph",
      "xaxis": {
        "buckets": null,
        "mode": "time",
        "name": null,
        "show": true,
        "values": []
      },
      "yaxes": [
        {
          "format": "percent",
          "label": null,
          "logBase": 1,
          "max": null,
          "min": null,
          "show": true
        },
        {
          "format": "short",
          "label": null,
          "logBase": 1,
          "max": null,
          "min": null,
          "show": true
        }
      ],
      "yaxis": {
        "align": false,
        "alignLevel": null
      }
    },
    {
      "aliasColors": {},
      "bars": false,
      "dashLength": 10,
      "dashes": false,
      "datasource": "InfluxDB",
      "description": "",
      "fieldConfig": {
        "defaults": {
          "custom": {}
        },
        "overrides": []
      },
      "fill": 1,
      "fillGradient": 0,
      "gridPos": {
        "h": 7,
        "w": 12,
        "x": 12,
        "y": 7
      },
      "hiddenSeries": false,
      "id": 73,
      "legend": {
        "alignAsTable": true,
        "avg": false,
        "current": true,
        "max": true,
        "min": false,
        "rightSide": false,
        "show": true,
        "total": false,
        "values": true
      },
      "lines": true,
      "linewidth": 2,
      "links": [],
      "nullPointMode": "null",
      "options": {
        "alertThreshold": true
      },
      "percentage": false,
      "pluginVersion": "7.3.6",
      "pointradius": 5,
      "points": false,
      "renderer": "flot",
      "seriesOverrides": [],
      "spaceLength": 10,
      "stack": false,
      "steppedLine": false,
      "targets": [
        {
          "alias": "[[tag_node_name]] - CPU 1 min",
          "dsType": "influxdb",
          "groupBy": [
            {
              "params": [
                "node_name"
              ],
              "type": "tag"
            }
          ],
          "measurement": "Cisco-IOS-XR-wdsysmon-fd-oper:system-monitoring/cpu-utilization",
          "orderByTime": "ASC",
          "policy": "default",
          "refId": "A",
          "resultFormat": "time_series",
          "select": [
            [
              {
                "params": [
                  "total_cpu_one_minute"
                ],
                "type": "field"
              }
            ]
          ],
          "tags": [
            {
              "key": "source",
              "operator": "=~",
              "value": "/^$Node$/"
            },
            {
              "condition": "AND",
              "key": "node_name",
              "operator": "=",
              "value": "0/RP1/CPU0"
            }
          ]
        },
        {
          "alias": "[[tag_node_name]] - CPU 5 min",
          "dsType": "influxdb",
          "groupBy": [
            {
              "params": [
                "node_name"
              ],
              "type": "tag"
            }
          ],
          "measurement": "Cisco-IOS-XR-wdsysmon-fd-oper:system-monitoring/cpu-utilization",
          "orderByTime": "ASC",
          "policy": "default",
          "refId": "B",
          "resultFormat": "time_series",
          "select": [
            [
              {
                "params": [
                  "total_cpu_five_minute"
                ],
                "type": "field"
              }
            ]
          ],
          "tags": [
            {
              "key": "source",
              "operator": "=~",
              "value": "/^$Node$/"
            },
            {
              "condition": "AND",
              "key": "node_name",
              "operator": "=",
              "value": "0/RP1/CPU0"
            }
          ]
        },
        {
          "alias": "[[tag_node_name]] - CPU 1 min",
          "dsType": "influxdb",
          "groupBy": [
            {
              "params": [
                "node_name"
              ],
              "type": "tag"
            }
          ],
          "measurement": "Cisco-IOS-XR-wdsysmon-fd-oper:system-monitoring/cpu-utilization",
          "orderByTime": "ASC",
          "policy": "default",
          "refId": "C",
          "resultFormat": "time_series",
          "select": [
            [
              {
                "params": [
                  "total_cpu_one_minute"
                ],
                "type": "field"
              }
            ]
          ],
          "tags": [
            {
              "key": "source",
              "operator": "=~",
              "value": "/^$Node$/"
            },
            {
              "condition": "AND",
              "key": "node_name",
              "operator": "=",
              "value": "0/RSP1/CPU0"
            }
          ]
        },
        {
          "alias": "[[tag_node_name]] - CPU 5 min",
          "dsType": "influxdb",
          "groupBy": [
            {
              "params": [
                "node_name"
              ],
              "type": "tag"
            }
          ],
          "measurement": "Cisco-IOS-XR-wdsysmon-fd-oper:system-monitoring/cpu-utilization",
          "orderByTime": "ASC",
          "policy": "default",
          "refId": "D",
          "resultFormat": "time_series",
          "select": [
            [
              {
                "params": [
                  "total_cpu_five_minute"
                ],
                "type": "field"
              }
            ]
          ],
          "tags": [
            {
              "key": "source",
              "operator": "=~",
              "value": "/^$Node$/"
            },
            {
              "condition": "AND",
              "key": "node_name",
              "operator": "=",
              "value": "0/RSP1/CPU0"
            }
          ]
        }
      ],
      "thresholds": [],
      "timeFrom": null,
      "timeRegions": [],
      "timeShift": null,
      "title": "CPU Load Historical - 0/RP1/CPU0",
      "tooltip": {
        "shared": true,
        "sort": 0,
        "value_type": "individual"
      },
      "type": "graph",
      "xaxis": {
        "buckets": null,
        "mode": "time",
        "name": null,
        "show": true,
        "values": []
      },
      "yaxes": [
        {
          "format": "percent",
          "label": null,
          "logBase": 1,
          "max": null,
          "min": null,
          "show": true
        },
        {
          "format": "short",
          "label": null,
          "logBase": 1,
          "max": null,
          "min": null,
          "show": true
        }
      ],
      "yaxis": {
        "align": false,
        "alignLevel": null
      }
    },
    {
      "aliasColors": {},
      "bars": false,
      "dashLength": 10,
      "dashes": false,
      "datasource": "InfluxDB",
      "fieldConfig": {
        "defaults": {
          "custom": {}
        },
        "overrides": []
      },
      "fill": 1,
      "fillGradient": 0,
      "gridPos": {
        "h": 7,
        "w": 12,
        "x": 0,
        "y": 14
      },
      "hiddenSeries": false,
      "id": 71,
      "legend": {
        "alignAsTable": true,
        "avg": false,
        "current": true,
        "max": true,
        "min": false,
        "rightSide": false,
        "show": true,
        "total": false,
        "values": true
      },
      "lines": true,
      "linewidth": 2,
      "links": [],
      "nullPointMode": "null",
      "options": {
        "alertThreshold": true
      },
      "percentage": false,
      "pluginVersion": "7.3.6",
      "pointradius": 5,
      "points": false,
      "renderer": "flot",
      "seriesOverrides": [
        {
          "alias": "Free Mem",
          "color": "#EF843C"
        }
      ],
      "spaceLength": 10,
      "stack": false,
      "steppedLine": false,
      "targets": [
        {
          "alias": "Free Mem - [[tag_node_name]]",
          "dsType": "influxdb",
          "groupBy": [
            {
              "params": [
                "node_name"
              ],
              "type": "tag"
            }
          ],
          "measurement": "Cisco-IOS-XR-nto-misc-oper:memory-summary/nodes/node/summary",
          "orderByTime": "ASC",
          "policy": "default",
          "refId": "B",
          "resultFormat": "time_series",
          "select": [
            [
              {
                "params": [
                  "free_application_memory"
                ],
                "type": "field"
              }
            ]
          ],
          "tags": [
            {
              "key": "source",
              "operator": "=~",
              "value": "/^$Node$/"
            },
            {
              "condition": "AND",
              "key": "node_name",
              "operator": "=",
              "value": "0/RP0/CPU0"
            }
          ]
        },
        {
          "alias": "Free Mem - [[tag_node_name]]",
          "dsType": "influxdb",
          "groupBy": [
            {
              "params": [
                "node_name"
              ],
              "type": "tag"
            }
          ],
          "measurement": "Cisco-IOS-XR-nto-misc-oper:memory-summary/nodes/node/summary",
          "orderByTime": "ASC",
          "policy": "default",
          "refId": "A",
          "resultFormat": "time_series",
          "select": [
            [
              {
                "params": [
                  "free_application_memory"
                ],
                "type": "field"
              }
            ]
          ],
          "tags": [
            {
              "key": "source",
              "operator": "=~",
              "value": "/^$Node$/"
            },
            {
              "condition": "AND",
              "key": "node_name",
              "operator": "=",
              "value": "0/RSP0/CPU0"
            }
          ]
        }
      ],
      "thresholds": [],
      "timeFrom": null,
      "timeRegions": [],
      "timeShift": null,
      "title": "Available Memory - 0/RP0/CPU0",
      "tooltip": {
        "shared": true,
        "sort": 0,
        "value_type": "individual"
      },
      "type": "graph",
      "xaxis": {
        "buckets": null,
        "mode": "time",
        "name": null,
        "show": true,
        "values": []
      },
      "yaxes": [
        {
          "format": "decbytes",
          "label": "",
          "logBase": 1,
          "max": null,
          "min": null,
          "show": true
        },
        {
          "format": "short",
          "label": null,
          "logBase": 1,
          "max": null,
          "min": null,
          "show": true
        }
      ],
      "yaxis": {
        "align": false,
        "alignLevel": null
      }
    },
    {
      "aliasColors": {},
      "bars": false,
      "dashLength": 10,
      "dashes": false,
      "datasource": "InfluxDB",
      "fieldConfig": {
        "defaults": {
          "custom": {}
        },
        "overrides": []
      },
      "fill": 1,
      "fillGradient": 0,
      "gridPos": {
        "h": 7,
        "w": 12,
        "x": 12,
        "y": 14
      },
      "hiddenSeries": false,
      "id": 74,
      "legend": {
        "alignAsTable": true,
        "avg": false,
        "current": true,
        "max": true,
        "min": false,
        "rightSide": false,
        "show": true,
        "total": false,
        "values": true
      },
      "lines": true,
      "linewidth": 2,
      "links": [],
      "nullPointMode": "null",
      "options": {
        "alertThreshold": true
      },
      "percentage": false,
      "pluginVersion": "7.3.6",
      "pointradius": 5,
      "points": false,
      "renderer": "flot",
      "seriesOverrides": [
        {
          "alias": "Free Mem",
          "color": "#EF843C"
        }
      ],
      "spaceLength": 10,
      "stack": false,
      "steppedLine": false,
      "targets": [
        {
          "alias": "Used Mem - [[tag_node_name]]",
          "dsType": "influxdb",
          "groupBy": [
            {
              "params": [
                "node_name"
              ],
              "type": "tag"
            }
          ],
          "hide": false,
          "measurement": "Cisco-IOS-XR-nto-misc-oper:memory-summary/nodes/node/summary",
          "orderByTime": "ASC",
          "policy": "default",
          "query": "SELECT (\"system_ram_memory\" - \"free_application_memory\") FROM \"Cisco-IOS-XR-nto-misc-oper:memory-summary/nodes/node/summary\" WHERE (\"source\" =~ /^$Node$/ AND \"node_name\" = '0/RP0/CPU0') AND $timeFilter GROUP BY \"node_name\"",
          "rawQuery": true,
          "refId": "B",
          "resultFormat": "time_series",
          "select": [
            [
              {
                "params": [
                  "system_ram_memory"
                ],
                "type": "field"
              }
            ],
            [
              {
                "params": [
                  "free_application_memory"
                ],
                "type": "field"
              }
            ]
          ],
          "tags": [
            {
              "key": "source",
              "operator": "=~",
              "value": "/^$Node$/"
            },
            {
              "condition": "AND",
              "key": "node_name",
              "operator": "=",
              "value": "0/RP0/CPU0"
            }
          ]
        },
        {
          "alias": "Used Mem - [[tag_node_name]]",
          "dsType": "influxdb",
          "groupBy": [
            {
              "params": [
                "node_name"
              ],
              "type": "tag"
            }
          ],
          "hide": false,
          "measurement": "Cisco-IOS-XR-nto-misc-oper:memory-summary/nodes/node/summary",
          "orderByTime": "ASC",
          "policy": "default",
          "query": "SELECT (\"system_ram_memory\" - \"free_application_memory\") FROM \"Cisco-IOS-XR-nto-misc-oper:memory-summary/nodes/node/summary\" WHERE (\"source\" =~ /^$Node$/ AND \"node_name\" = '0/RSP0/CPU0') AND $timeFilter GROUP BY \"node_name\"",
          "rawQuery": true,
          "refId": "A",
          "resultFormat": "time_series",
          "select": [
            [
              {
                "params": [
                  "system_ram_memory"
                ],
                "type": "field"
              }
            ],
            [
              {
                "params": [
                  "free_application_memory"
                ],
                "type": "field"
              }
            ]
          ],
          "tags": [
            {
              "key": "source",
              "operator": "=~",
              "value": "/^$Node$/"
            },
            {
              "condition": "AND",
              "key": "node_name",
              "operator": "=",
              "value": "0/RP0/CPU0"
            }
          ]
        }
      ],
      "thresholds": [],
      "timeFrom": null,
      "timeRegions": [],
      "timeShift": null,
      "title": "Used Memory - 0/RP0/CPU0",
      "tooltip": {
        "shared": true,
        "sort": 0,
        "value_type": "individual"
      },
      "type": "graph",
      "xaxis": {
        "buckets": null,
        "mode": "time",
        "name": null,
        "show": true,
        "values": []
      },
      "yaxes": [
        {
          "format": "decbytes",
          "label": "",
          "logBase": 1,
          "max": null,
          "min": null,
          "show": true
        },
        {
          "format": "short",
          "label": null,
          "logBase": 1,
          "max": null,
          "min": null,
          "show": true
        }
      ],
      "yaxis": {
        "align": false,
        "alignLevel": null
      }
    },
    {
      "aliasColors": {},
      "bars": false,
      "dashLength": 10,
      "dashes": false,
      "datasource": "InfluxDB",
      "description": "",
      "fieldConfig": {
        "defaults": {
          "custom": {}
        },
        "overrides": []
      },
      "fill": 1,
      "fillGradient": 0,
      "gridPos": {
        "h": 7,
        "w": 12,
        "x": 0,
        "y": 21
      },
      "hiddenSeries": false,
      "id": 72,
      "legend": {
        "alignAsTable": true,
        "avg": false,
        "current": true,
        "max": true,
        "min": false,
        "rightSide": false,
        "show": true,
        "total": false,
        "values": true
      },
      "lines": true,
      "linewidth": 2,
      "links": [],
      "nullPointMode": "null",
      "options": {
        "alertThreshold": true
      },
      "percentage": false,
      "pluginVersion": "7.3.6",
      "pointradius": 5,
      "points": false,
      "renderer": "flot",
      "seriesOverrides": [
        {
          "alias": "Free Mem",
          "color": "#EF843C"
        }
      ],
      "spaceLength": 10,
      "stack": false,
      "steppedLine": false,
      "targets": [
        {
          "alias": "Free Mem - [[tag_node_name]]",
          "dsType": "influxdb",
          "groupBy": [
            {
              "params": [
                "node_name"
              ],
              "type": "tag"
            }
          ],
          "measurement": "Cisco-IOS-XR-nto-misc-oper:memory-summary/nodes/node/summary",
          "orderByTime": "ASC",
          "policy": "default",
          "refId": "B",
          "resultFormat": "time_series",
          "select": [
            [
              {
                "params": [
                  "free_application_memory"
                ],
                "type": "field"
              }
            ]
          ],
          "tags": [
            {
              "key": "source",
              "operator": "=~",
              "value": "/^$Node$/"
            },
            {
              "condition": "AND",
              "key": "node_name",
              "operator": "=",
              "value": "0/RP1/CPU0"
            }
          ]
        },
        {
          "alias": "Free Mem - [[tag_node_name]]",
          "dsType": "influxdb",
          "groupBy": [
            {
              "params": [
                "node_name"
              ],
              "type": "tag"
            }
          ],
          "measurement": "Cisco-IOS-XR-nto-misc-oper:memory-summary/nodes/node/summary",
          "orderByTime": "ASC",
          "policy": "default",
          "refId": "A",
          "resultFormat": "time_series",
          "select": [
            [
              {
                "params": [
                  "free_application_memory"
                ],
                "type": "field"
              }
            ]
          ],
          "tags": [
            {
              "key": "source",
              "operator": "=~",
              "value": "/^$Node$/"
            },
            {
              "condition": "AND",
              "key": "node_name",
              "operator": "=",
              "value": "0/RSP1/CPU0"
            }
          ]
        }
      ],
      "thresholds": [],
      "timeFrom": null,
      "timeRegions": [],
      "timeShift": null,
      "title": "Available Memory - 0/RP1/CPU0",
      "tooltip": {
        "shared": true,
        "sort": 0,
        "value_type": "individual"
      },
      "type": "graph",
      "xaxis": {
        "buckets": null,
        "mode": "time",
        "name": null,
        "show": true,
        "values": []
      },
      "yaxes": [
        {
          "format": "decbytes",
          "label": "",
          "logBase": 1,
          "max": null,
          "min": null,
          "show": true
        },
        {
          "format": "short",
          "label": null,
          "logBase": 1,
          "max": null,
          "min": null,
          "show": true
        }
      ],
      "yaxis": {
        "align": false,
        "alignLevel": null
      }
    },
    {
      "aliasColors": {},
      "bars": false,
      "dashLength": 10,
      "dashes": false,
      "datasource": "InfluxDB",
      "description": "",
      "fieldConfig": {
        "defaults": {
          "custom": {}
        },
        "overrides": []
      },
      "fill": 1,
      "fillGradient": 0,
      "gridPos": {
        "h": 7,
        "w": 12,
        "x": 12,
        "y": 21
      },
      "hiddenSeries": false,
      "id": 75,
      "legend": {
        "alignAsTable": true,
        "avg": false,
        "current": true,
        "max": true,
        "min": false,
        "rightSide": false,
        "show": true,
        "total": false,
        "values": true
      },
      "lines": true,
      "linewidth": 2,
      "links": [],
      "nullPointMode": "null",
      "options": {
        "alertThreshold": true
      },
      "percentage": false,
      "pluginVersion": "7.3.6",
      "pointradius": 5,
      "points": false,
      "renderer": "flot",
      "seriesOverrides": [
        {
          "alias": "Free Mem",
          "color": "#EF843C"
        }
      ],
      "spaceLength": 10,
      "stack": false,
      "steppedLine": false,
      "targets": [
        {
          "alias": "Used Mem - [[tag_node_name]]",
          "dsType": "influxdb",
          "groupBy": [
            {
              "params": [
                "node_name"
              ],
              "type": "tag"
            }
          ],
          "measurement": "Cisco-IOS-XR-nto-misc-oper:memory-summary/nodes/node/summary",
          "orderByTime": "ASC",
          "policy": "default",
          "query": "SELECT (\"system_ram_memory\" - \"free_application_memory\") FROM \"Cisco-IOS-XR-nto-misc-oper:memory-summary/nodes/node/summary\" WHERE (\"source\" =~ /^$Node$/ AND \"node_name\" = '0/RP1/CPU0') AND $timeFilter GROUP BY \"node_name\"",
          "rawQuery": true,
          "refId": "B",
          "resultFormat": "time_series",
          "select": [
            [
              {
                "params": [
                  "system_ram_memory"
                ],
                "type": "field"
              }
            ],
            [
              {
                "params": [
                  "free_application_memory"
                ],
                "type": "field"
              }
            ]
          ],
          "tags": [
            {
              "key": "source",
              "operator": "=~",
              "value": "/^$Node$/"
            },
            {
              "condition": "AND",
              "key": "node_name",
              "operator": "=",
              "value": "0/RP1/CPU0"
            }
          ]
        },
        {
          "alias": "Used Mem - [[tag_node_name]]",
          "dsType": "influxdb",
          "groupBy": [
            {
              "params": [
                "node_name"
              ],
              "type": "tag"
            }
          ],
          "measurement": "Cisco-IOS-XR-nto-misc-oper:memory-summary/nodes/node/summary",
          "orderByTime": "ASC",
          "policy": "default",
          "query": "SELECT (\"system_ram_memory\" - \"free_application_memory\") FROM \"Cisco-IOS-XR-nto-misc-oper:memory-summary/nodes/node/summary\" WHERE (\"source\" =~ /^$Node$/ AND \"node_name\" = '0/RSP1/CPU0') AND $timeFilter GROUP BY \"node_name\"",
          "rawQuery": true,
          "refId": "A",
          "resultFormat": "time_series",
          "select": [
            [
              {
                "params": [
                  "system_ram_memory"
                ],
                "type": "field"
              }
            ],
            [
              {
                "params": [
                  "free_application_memory"
                ],
                "type": "field"
              }
            ]
          ],
          "tags": [
            {
              "key": "source",
              "operator": "=~",
              "value": "/^$Node$/"
            },
            {
              "condition": "AND",
              "key": "node_name",
              "operator": "=",
              "value": "0/RP1/CPU0"
            }
          ]
        }
      ],
      "thresholds": [],
      "timeFrom": null,
      "timeRegions": [],
      "timeShift": null,
      "title": "Used Memory - 0/RP1/CPU0",
      "tooltip": {
        "shared": true,
        "sort": 0,
        "value_type": "individual"
      },
      "type": "graph",
      "xaxis": {
        "buckets": null,
        "mode": "time",
        "name": null,
        "show": true,
        "values": []
      },
      "yaxes": [
        {
          "format": "decbytes",
          "label": "",
          "logBase": 1,
          "max": null,
          "min": null,
          "show": true
        },
        {
          "format": "short",
          "label": null,
          "logBase": 1,
          "max": null,
          "min": null,
          "show": true
        }
      ],
      "yaxis": {
        "align": false,
        "alignLevel": null
      }
    },
    {
      "aliasColors": {},
      "bars": false,
      "dashLength": 10,
      "dashes": false,
      "datasource": "InfluxDB",
      "decimals": 0,
      "fieldConfig": {
        "defaults": {
          "custom": {}
        },
        "overrides": []
      },
      "fill": 1,
      "fillGradient": 0,
      "gridPos": {
        "h": 8,
        "w": 24,
        "x": 0,
        "y": 28
      },
      "hiddenSeries": false,
      "id": 58,
      "legend": {
        "alignAsTable": true,
        "avg": false,
        "current": true,
        "max": true,
        "min": true,
        "rightSide": true,
        "show": true,
        "sort": "current",
        "sortDesc": true,
        "total": false,
        "values": true
      },
      "lines": true,
      "linewidth": 2,
      "links": [],
      "nullPointMode": "null",
      "options": {
        "alertThreshold": true
      },
      "percentage": false,
      "pluginVersion": "7.3.6",
      "pointradius": 5,
      "points": false,
      "renderer": "flot",
      "seriesOverrides": [],
      "spaceLength": 10,
      "stack": false,
      "steppedLine": false,
      "targets": [
        {
          "alias": "[[tag_interface_name]] IN",
          "groupBy": [
            {
              "params": [
                "interface_name"
              ],
              "type": "tag"
            }
          ],
          "measurement": "Cisco-IOS-XR-infra-statsd-oper:infra-statistics/interfaces/interface/latest/generic-counters",
          "orderByTime": "ASC",
          "policy": "default",
          "query": "SELECT non_negative_derivative(\"bytes-received\", 1s) *8 FROM \"Cisco-IOS-XR-infra-statsd-oper:infra-statistics/interfaces/interface/latest/generic-counters\" WHERE (\"source\" =~ /^$Node$/) AND $timeFilter GROUP BY \"interface-name\"",
          "rawQuery": false,
          "refId": "A",
          "resultFormat": "time_series",
          "select": [
            [
              {
                "params": [
                  "bytes_received"
                ],
                "type": "field"
              },
              {
                "params": [
                  "1s"
                ],
                "type": "non_negative_derivative"
              },
              {
                "params": [
                  "*8"
                ],
                "type": "math"
              }
            ]
          ],
          "tags": [
            {
              "key": "source",
              "operator": "=~",
              "value": "/^$Node$/"
            }
          ]
        },
        {
          "alias": "[[tag_interface_name]] OUT",
          "groupBy": [
            {
              "params": [
                "interface_name"
              ],
              "type": "tag"
            }
          ],
          "measurement": "Cisco-IOS-XR-infra-statsd-oper:infra-statistics/interfaces/interface/latest/generic-counters",
          "orderByTime": "ASC",
          "policy": "default",
          "refId": "B",
          "resultFormat": "time_series",
          "select": [
            [
              {
                "params": [
                  "bytes_sent"
                ],
                "type": "field"
              },
              {
                "params": [
                  "1s"
                ],
                "type": "non_negative_derivative"
              },
              {
                "params": [
                  "*8"
                ],
                "type": "math"
              }
            ]
          ],
          "tags": [
            {
              "key": "source",
              "operator": "=~",
              "value": "/^$Node$/"
            }
          ]
        }
      ],
      "thresholds": [],
      "timeFrom": null,
      "timeRegions": [],
      "timeShift": null,
      "title": "Device Traffic",
      "tooltip": {
        "shared": true,
        "sort": 0,
        "value_type": "individual"
      },
      "type": "graph",
      "xaxis": {
        "buckets": null,
        "mode": "time",
        "name": null,
        "show": true,
        "values": []
      },
      "yaxes": [
        {
          "format": "bps",
          "label": null,
          "logBase": 1,
          "max": null,
          "min": null,
          "show": true
        },
        {
          "format": "short",
          "label": null,
          "logBase": 1,
          "max": null,
          "min": null,
          "show": true
        }
      ],
      "yaxis": {
        "align": false,
        "alignLevel": null
      }
    },
    {
      "aliasColors": {},
      "bars": false,
      "dashLength": 10,
      "dashes": false,
      "datasource": "InfluxDB",
      "fieldConfig": {
        "defaults": {
          "custom": {}
        },
        "overrides": []
      },
      "fill": 1,
      "fillGradient": 0,
      "gridPos": {
        "h": 8,
        "w": 24,
        "x": 0,
        "y": 36
      },
      "hiddenSeries": false,
      "id": 59,
      "legend": {
        "avg": false,
        "current": false,
        "max": false,
        "min": false,
        "show": true,
        "total": false,
        "values": false
      },
      "lines": true,
      "linewidth": 1,
      "links": [],
      "nullPointMode": "null",
      "options": {
        "alertThreshold": true
      },
      "percentage": false,
      "pluginVersion": "7.3.6",
      "pointradius": 2,
      "points": false,
      "renderer": "flot",
      "seriesOverrides": [],
      "spaceLength": 10,
      "stack": false,
      "steppedLine": false,
      "targets": [
        {
          "alias": "Input Drops",
          "dsType": "influxdb",
          "groupBy": [
            {
              "params": [
                "$__interval"
              ],
              "type": "time"
            },
            {
              "params": [
                "null"
              ],
              "type": "fill"
            }
          ],
          "measurement": "Cisco-IOS-XR-infra-statsd-oper:infra-statistics/interfaces/interface/latest/generic-counters",
          "orderByTime": "ASC",
          "policy": "default",
          "refId": "A",
          "resultFormat": "time_series",
          "select": [
            [
              {
                "params": [
                  "input_drops"
                ],
                "type": "field"
              },
              {
                "params": [],
                "type": "last"
              }
            ]
          ],
          "tags": [
            {
              "key": "source",
              "operator": "=~",
              "value": "/^$Node$/"
            }
          ]
        },
        {
          "alias": "Output Drops",
          "dsType": "influxdb",
          "groupBy": [
            {
              "params": [
                "$__interval"
              ],
              "type": "time"
            },
            {
              "params": [
                "null"
              ],
              "type": "fill"
            }
          ],
          "measurement": "Cisco-IOS-XR-infra-statsd-oper:infra-statistics/interfaces/interface/latest/generic-counters",
          "orderByTime": "ASC",
          "policy": "default",
          "refId": "B",
          "resultFormat": "time_series",
          "select": [
            [
              {
                "params": [
                  "output_drops"
                ],
                "type": "field"
              },
              {
                "params": [],
                "type": "last"
              }
            ]
          ],
          "tags": [
            {
              "key": "source",
              "operator": "=~",
              "value": "/^$Node$/"
            }
          ]
        },
        {
          "alias": "Input Errors",
          "dsType": "influxdb",
          "groupBy": [
            {
              "params": [
                "$__interval"
              ],
              "type": "time"
            },
            {
              "params": [
                "null"
              ],
              "type": "fill"
            }
          ],
          "measurement": "Cisco-IOS-XR-infra-statsd-oper:infra-statistics/interfaces/interface/latest/generic-counters",
          "orderByTime": "ASC",
          "policy": "default",
          "refId": "C",
          "resultFormat": "time_series",
          "select": [
            [
              {
                "params": [
                  "input_errors"
                ],
                "type": "field"
              },
              {
                "params": [],
                "type": "last"
              }
            ]
          ],
          "tags": [
            {
              "key": "source",
              "operator": "=~",
              "value": "/^$Node$/"
            }
          ]
        },
        {
          "alias": "Output Errors",
          "dsType": "influxdb",
          "groupBy": [
            {
              "params": [
                "$__interval"
              ],
              "type": "time"
            },
            {
              "params": [
                "null"
              ],
              "type": "fill"
            }
          ],
          "measurement": "Cisco-IOS-XR-infra-statsd-oper:infra-statistics/interfaces/interface/latest/generic-counters",
          "orderByTime": "ASC",
          "policy": "default",
          "refId": "D",
          "resultFormat": "time_series",
          "select": [
            [
              {
                "params": [
                  "output_errors"
                ],
                "type": "field"
              },
              {
                "params": [],
                "type": "last"
              }
            ]
          ],
          "tags": [
            {
              "key": "source",
              "operator": "=~",
              "value": "/^$Node$/"
            }
          ]
        },
        {
          "alias": "Input Queue Drops",
          "dsType": "influxdb",
          "groupBy": [
            {
              "params": [
                "$__interval"
              ],
              "type": "time"
            },
            {
              "params": [
                "null"
              ],
              "type": "fill"
            }
          ],
          "measurement": "Cisco-IOS-XR-infra-statsd-oper:infra-statistics/interfaces/interface/latest/generic-counters",
          "orderByTime": "ASC",
          "policy": "default",
          "refId": "E",
          "resultFormat": "time_series",
          "select": [
            [
              {
                "params": [
                  "input_queue_drops"
                ],
                "type": "field"
              },
              {
                "params": [],
                "type": "last"
              }
            ]
          ],
          "tags": [
            {
              "key": "source",
              "operator": "=~",
              "value": "/^$Node$/"
            }
          ]
        },
        {
          "alias": "Output Queue Drops",
          "dsType": "influxdb",
          "groupBy": [
            {
              "params": [
                "$__interval"
              ],
              "type": "time"
            },
            {
              "params": [
                "null"
              ],
              "type": "fill"
            }
          ],
          "measurement": "Cisco-IOS-XR-infra-statsd-oper:infra-statistics/interfaces/interface/latest/generic-counters",
          "orderByTime": "ASC",
          "policy": "default",
          "refId": "F",
          "resultFormat": "time_series",
          "select": [
            [
              {
                "params": [
                  "output_queue_drops"
                ],
                "type": "field"
              },
              {
                "params": [],
                "type": "last"
              }
            ]
          ],
          "tags": [
            {
              "key": "source",
              "operator": "=~",
              "value": "/^$Node$/"
            }
          ]
        }
      ],
      "thresholds": [],
      "timeFrom": null,
      "timeRegions": [],
      "timeShift": null,
      "title": "Device Drops and Errors",
      "tooltip": {
        "shared": true,
        "sort": 0,
        "value_type": "individual"
      },
      "type": "graph",
      "xaxis": {
        "buckets": null,
        "mode": "time",
        "name": null,
        "show": true,
        "values": []
      },
      "yaxes": [
        {
          "format": "short",
          "label": null,
          "logBase": 1,
          "max": null,
          "min": null,
          "show": true
        },
        {
          "format": "short",
          "label": null,
          "logBase": 1,
          "max": null,
          "min": null,
          "show": true
        }
      ],
      "yaxis": {
        "align": false,
        "alignLevel": null
      }
    },
    {
      "collapsed": false,
      "datasource": null,
      "gridPos": {
        "h": 1,
        "w": 24,
        "x": 0,
        "y": 44
      },
      "id": 65,
      "panels": [],
      "repeat": null,
      "title": "Optical parameters",
      "type": "row"
    },
    {
      "aliasColors": {},
      "bars": false,
      "dashLength": 10,
      "dashes": false,
      "datasource": "InfluxDB",
      "fieldConfig": {
        "defaults": {
          "custom": {}
        },
        "overrides": []
      },
      "fill": 1,
      "fillGradient": 0,
      "gridPos": {
        "h": 8,
        "w": 12,
        "x": 0,
        "y": 45
      },
      "hiddenSeries": false,
      "id": 80,
      "legend": {
        "alignAsTable": true,
        "avg": false,
        "current": true,
        "max": false,
        "min": false,
        "rightSide": true,
        "show": true,
        "sideWidth": null,
        "total": false,
        "values": true
      },
      "lines": true,
      "linewidth": 2,
      "links": [],
      "nullPointMode": "null",
      "options": {
        "alertThreshold": true
      },
      "percentage": false,
      "pluginVersion": "7.3.6",
      "pointradius": 5,
      "points": false,
      "renderer": "flot",
      "seriesOverrides": [],
      "spaceLength": 10,
      "stack": false,
      "steppedLine": false,
      "targets": [
        {
          "alias": "[[tag_name]].[[tag_lane-data__lane-index]] RX",
          "dsType": "influxdb",
          "groupBy": [
            {
              "params": [
                "$__interval"
              ],
              "type": "time"
            },
            {
              "params": [
                "name"
              ],
              "type": "tag"
            },
            {
              "params": [
                "lane-data__lane-index"
              ],
              "type": "tag"
            }
          ],
          "measurement": "Cisco-IOS-XR-controller-optics-oper:optics-oper/optics-ports/optics-port/optics-info",
          "orderByTime": "ASC",
          "policy": "default",
          "query": "SELECT distinct(\"lane-data__receive-power\")  / 100 FROM \"Cisco-IOS-XR-controller-optics-oper:optics-oper/optics-ports/optics-port/optics-info\" WHERE (\"source\" =~ /^$Node$/) AND $timeFilter GROUP BY time($__interval), \"name\", \"lane-data__lane-index\"",
          "rawQuery": false,
          "refId": "A",
          "resultFormat": "time_series",
          "select": [
            [
              {
                "params": [
                  "lane_data/receive_power"
                ],
                "type": "field"
              },
              {
                "params": [],
                "type": "distinct"
              },
              {
                "params": [
                  " / 100"
                ],
                "type": "math"
              }
            ]
          ],
          "tags": [
            {
              "key": "source",
              "operator": "=~",
              "value": "/^$Node$/"
            }
          ]
        },
        {
          "alias": "[[tag_name]].[[tag_lane-data__lane-index]] TX",
          "dsType": "influxdb",
          "groupBy": [
            {
              "params": [
                "$__interval"
              ],
              "type": "time"
            },
            {
              "params": [
                "name"
              ],
              "type": "tag"
            },
            {
              "params": [
                "lane-data__lane-index"
              ],
              "type": "tag"
            }
          ],
          "measurement": "Cisco-IOS-XR-controller-optics-oper:optics-oper/optics-ports/optics-port/optics-info",
          "orderByTime": "ASC",
          "policy": "default",
          "refId": "B",
          "resultFormat": "time_series",
          "select": [
            [
              {
                "params": [
                  "lane_data/transmit_power"
                ],
                "type": "field"
              },
              {
                "params": [],
                "type": "distinct"
              },
              {
                "params": [
                  " / 100"
                ],
                "type": "math"
              }
            ]
          ],
          "tags": [
            {
              "key": "source",
              "operator": "=~",
              "value": "/^$Node$/"
            }
          ]
        }
      ],
      "thresholds": [],
      "timeFrom": null,
      "timeRegions": [],
      "timeShift": null,
      "title": "Power levels",
      "tooltip": {
        "shared": true,
        "sort": 0,
        "value_type": "individual"
      },
      "type": "graph",
      "xaxis": {
        "buckets": null,
        "mode": "time",
        "name": null,
        "show": true,
        "values": []
      },
      "yaxes": [
        {
          "format": "dB",
          "label": null,
          "logBase": 1,
          "max": null,
          "min": null,
          "show": true
        },
        {
          "format": "short",
          "label": null,
          "logBase": 1,
          "max": null,
          "min": null,
          "show": true
        }
      ],
      "yaxis": {
        "align": false,
        "alignLevel": null
      }
    },
    {
      "aliasColors": {},
      "bars": false,
      "dashLength": 10,
      "dashes": false,
      "datasource": "InfluxDB",
      "fieldConfig": {
        "defaults": {
          "custom": {}
        },
        "overrides": []
      },
      "fill": 1,
      "fillGradient": 0,
      "gridPos": {
        "h": 8,
        "w": 12,
        "x": 12,
        "y": 45
      },
      "hiddenSeries": false,
      "id": 82,
      "legend": {
        "alignAsTable": true,
        "avg": false,
        "current": true,
        "max": false,
        "min": false,
        "rightSide": true,
        "show": true,
        "total": false,
        "values": true
      },
      "lines": true,
      "linewidth": 2,
      "links": [],
      "nullPointMode": "null",
      "options": {
        "alertThreshold": true
      },
      "percentage": false,
      "pluginVersion": "7.3.6",
      "pointradius": 5,
      "points": false,
      "renderer": "flot",
      "seriesOverrides": [],
      "spaceLength": 10,
      "stack": false,
      "steppedLine": false,
      "targets": [
        {
          "alias": "[[tag_name]].[[tag_lane-data__lane-index]] RX",
          "dsType": "influxdb",
          "groupBy": [
            {
              "params": [
                "$__interval"
              ],
              "type": "time"
            },
            {
              "params": [
                "name"
              ],
              "type": "tag"
            },
            {
              "params": [
                "lane-data__lane-index"
              ],
              "type": "tag"
            }
          ],
          "measurement": "Cisco-IOS-XR-controller-optics-oper:optics-oper/optics-ports/optics-port/optics-info",
          "orderByTime": "ASC",
          "policy": "default",
          "refId": "A",
          "resultFormat": "time_series",
          "select": [
            [
              {
                "params": [
                  "lane_data/laser_bias_current_milli_amps"
                ],
                "type": "field"
              },
              {
                "params": [],
                "type": "distinct"
              },
              {
                "params": [
                  " / 100"
                ],
                "type": "math"
              }
            ]
          ],
          "tags": [
            {
              "key": "source",
              "operator": "=~",
              "value": "/^$Node$/"
            }
          ]
        }
      ],
      "thresholds": [],
      "timeFrom": null,
      "timeRegions": [],
      "timeShift": null,
      "title": "Laser Bias Current",
      "tooltip": {
        "shared": true,
        "sort": 0,
        "value_type": "individual"
      },
      "type": "graph",
      "xaxis": {
        "buckets": null,
        "mode": "time",
        "name": null,
        "show": true,
        "values": []
      },
      "yaxes": [
        {
          "format": "amp",
          "label": null,
          "logBase": 1,
          "max": null,
          "min": null,
          "show": true
        },
        {
          "format": "short",
          "label": null,
          "logBase": 1,
          "max": null,
          "min": null,
          "show": true
        }
      ],
      "yaxis": {
        "align": false,
        "alignLevel": null
      }
    }
  ],
  "refresh": false,
  "schemaVersion": 26,
  "style": "dark",
  "tags": [],
  "templating": {
    "list": [
      {
        "allValue": null,
        "current": {
          "selected": false,
          "text": "ASR9K_SUT",
          "value": "ASR9K_SUT"
        },
        "datasource": "InfluxDB",
        "definition": "",
        "error": null,
        "hide": 0,
        "includeAll": false,
        "label": null,
        "multi": false,
        "name": "Node",
        "options": [],
        "query": "SHOW TAG VALUES WITH KEY=\"source\"",
        "refresh": 1,
        "regex": "",
        "skipUrlSync": false,
        "sort": 1,
        "tagValuesQuery": "",
        "tags": [],
        "tagsQuery": "",
        "type": "query",
        "useTags": false
      }
    ]
  },
  "time": {
    "from": "now-15m",
    "to": "now"
  },
  "timepicker": {
    "refresh_intervals": [
      "5s",
      "10s",
      "30s",
      "1m",
      "5m",
      "15m",
      "30m",
      "1h",
      "2h",
      "1d"
    ],
    "time_options": [
      "5m",
      "15m",
      "1h",
      "6h",
      "12h",
      "24h",
      "2d",
      "7d",
      "30d"
    ]
  },
  "timezone": "browser",
  "title": "IOSXR_Device_Health_Telemetry",
  "uid": "o3NljGLGk",
  "version": 60
}

